{
    "loss": 0.2956579923629761,
    "accuracy": 0.8663793206214905
}